userId,K-means,Agglomerative Ward
1,0.28888606194821365,0.026533529011434097
2,0.2739462778819865,0.0492649696963571
3,0.08699662840767733,0.0072374799384300305
4,0.15610747276946288,0.05889627558408908
5,-0.10857583576181852,0.03946573016412977
6,0.1684284895613058,-0.09793091610587683
7,-0.06225434427672322,0.08198783408906514
8,0.16782896738363154,0.018126973324903345
9,-0.09180705703406133,-0.11894378187982707
10,-0.11841226076707229,-0.1540136283730046
11,0.0730989672539969,-0.09444924983926534
12,-0.01806973341504463,-0.02049844751568132
13,0.008187992384177473,0.10831592712893354
14,-0.02748506290715454,-0.0513862980215298
15,-0.09589940702964252,-0.08165275259394897
16,0.26635277094162424,0.07034485509449669
17,-0.10737103302842577,0.1676054726376243
18,0.2335507727962674,-0.05892901510112293
19,0.29178120780398503,-0.021030117705928008
20,-0.019318170089289533,0.040656163374386996
21,0.12243088963089299,0.08059519821664085
22,-0.035155960621230053,0.0505713443351805
23,-0.10443348884010198,-0.06136003164587233
24,0.2580429222197297,0.08079241324024453
25,0.21373414781779948,0.047575015846078025
26,0.008125594989051904,-0.1553428048480242
27,0.1969412549310735,0.024326613973030067
28,0.25486025501486614,0.05743021890828837
29,-0.09793496655996385,0.03939187826083179
30,0.2413723789891138,-0.0046194038526129605
31,0.12504108108059367,-0.0008998013659516779
32,-0.12737213028698288,-0.19908090391084238
33,0.15540318151197718,0.01419092198716243
34,0.04018549527404706,0.1332827697860313
35,0.059701149463001514,-0.03841198484061652
36,0.020631883243729714,-0.0645666451163981
37,0.06643825690488052,0.007000093235805664
38,0.11184033318488343,0.07664964324826647
39,0.0754226254956384,-0.05516735913986547
40,-0.14647137158049722,0.07621922481553038
41,0.08640444802835383,-0.029762887999215566
42,0.23030834917315532,-0.08402506243802527
43,-0.22272846083050896,0.1267495406190435
44,-0.08316275342524367,-0.0805074285548997
45,0.22501986448480255,0.01584667179465762
46,0.23616790549017877,-0.017277803836675338
47,0.15818829576793803,0.07106124514981772
48,0.2461276994054355,0.10276083420722898
49,-0.13801519379652696,0.0942828124831949
50,-0.07202835824119139,0.14071111508578488
51,-0.10678814721551799,0.09440377383882405
52,0.19384430271338254,0.15571944281715605
53,0.24674662165892033,0.1151172752083646
54,0.17818349360015676,-0.026485313208726307
55,-0.0028449579204900153,0.10397483855473372
56,0.2498644826577326,0.016385095424947333
57,0.26738000431139947,0.1404526946866604
58,0.26048047202257185,0.021554646544338526
59,-0.08282984029666474,-0.0034592693049340963
60,-0.065544444313934,-0.12206794556118179
61,-0.042911808753905795,-0.14592878372623058
62,-0.051364158443036025,0.03216736089152725
63,0.22029629483725705,0.07820675025145545
64,0.2867775937485294,0.0705269561450616
65,-0.09648118554483108,-0.038174010636287406
66,0.25977161225287226,0.09031361955987073
67,0.13210684273442697,-0.19003447679533186
68,0.25180748752934506,-0.004123569031007878
69,-0.23622129910403028,0.10613151168445915
70,-0.12926050345012036,0.008678946707608865
71,-0.1792693062481419,0.10328502714541556
72,-0.16370774079466896,0.08319197013448978
73,-0.0021105986375464744,-0.08455121873737927
74,0.24086456608935797,0.040588483942478853
75,-0.08463571546136846,-0.044283179313732296
76,0.08333919404857154,0.1491024561300493
77,0.05916639522845288,0.0264966890690924
78,-0.011844271962015413,0.08201577726217119
79,0.16646824716282116,-0.04271497586826153
80,-0.11126674237661331,0.09501186626407153
81,0.109518306745486,0.06784112871637447
82,-0.011464460015263507,0.10885135485243777
83,0.0897662768396688,0.05668280088197752
84,0.1581205890860819,0.03488990449843453
85,0.022674064783981776,-0.009340732671509784
86,0.1841272033237445,0.10555841697420826
87,-0.21229346809824215,0.010994264516237851
88,0.0607715381887747,0.025324719633239425
89,0.11328577342376,0.01713540795983814
90,-0.08302668191772095,-0.1345299739017313
91,-0.04712425497373442,0.10804686280004638
92,-0.14564387100590973,0.0231029780249828
93,-0.14049959520484218,0.041348261545161163
94,0.16664958398456553,0.0042222920177842765
95,0.23900790514117323,0.041584160953545175
96,0.18100867095713138,0.037209573952484976
97,-0.11265157091987936,0.1288873490108195
98,-0.06628942922256041,0.04152321891632306
99,0.17719124053248717,0.03995781091845791
100,0.24022793540073872,-0.032794690308325915
101,0.1702490938324694,-0.2246949186523594
102,0.21728956783507467,0.04027693805010972
103,0.01359075769131244,0.09323532335927526
104,0.2305352536801263,0.013433401879545519
105,0.22712551455341015,0.007903059979672071
106,0.1838153569910102,0.02209095697213328
107,0.23704039729559256,0.0665273262008819
108,-0.04041835776746968,0.02586347300058608
109,-0.1202526096994448,0.015803661980390987
110,-0.06962771142043424,0.0823352024609223
111,0.1653278441449588,0.04789034999004689
112,0.1152546537723791,-0.02343777082794094
113,0.22778017128960001,0.066383234296978
114,-0.0874810524828752,-0.1548545798559434
115,-0.11713554498037666,0.0010097605759612793
116,-0.05150835762001194,-0.04089914952151817
117,0.271485116828253,0.03345036057561496
118,-0.056431203994948505,-0.12081050760383447
119,0.24974233161163853,0.07118260556057164
120,0.012454725355491685,-0.04616305693073204
121,-0.11550402359045582,-0.006520539216586461
122,0.22607818396047163,0.013927532565579964
123,0.19540429536802978,0.03172650196586125
124,0.19720970613485322,0.04618118763794374
125,-0.09022840246619979,0.08875723120849627
126,0.17554871182074339,0.03513505629163668
127,-0.01120038188559981,-0.10937833313664966
128,0.25249992237059754,0.0658178151097694
129,0.31145770781047394,-0.01617301061673571
130,-0.056972886878672385,0.058432827502361055
131,0.1582415288218773,0.06054556460649438
132,0.21232597648672313,-0.028373178480380356
133,0.1853433817957601,0.03543232022075809
134,-0.12862340368312594,0.04379288146926615
135,0.23200000280572106,0.02336792085521563
136,-0.11518373732414355,-0.16781419526549016
137,0.18805082079850818,0.05804061794218718
138,0.10052831877427175,0.07226931922354755
139,0.2614074807552903,0.05298874984290461
140,0.230480531470732,-0.040014522346095996
141,0.14588956152153426,0.10211330624726889
142,0.14463242665203013,0.0563465270450419
143,-0.07100783478557329,-0.08016002956907427
144,0.23880144373779555,0.01906714043002159
145,0.14838242405037924,0.03947628618466224
146,0.14642432614866097,0.0365432714077422
147,0.026450395614121682,-0.10765555335544291
148,-0.18252741393831834,0.03238224698586029
149,0.0871432601535829,-0.1001371362661888
150,0.014641317817775145,-0.1633970523326254
151,0.21892526997134784,0.06925894430302097
152,-0.055593449261165655,0.07674123533412487
153,0.06773826508392487,-0.15106291197854718
154,0.009866712161937899,-0.05345817840716039
155,-0.09699236868569407,-0.2361946651916849
156,-0.1653500070668229,0.11044769950239278
157,-0.03457908051930895,-0.07072146616928825
158,0.02654328113317731,-0.1172579176192888
159,-0.08852175995470957,-0.04229542552462805
160,0.10872374419063129,0.10862101050415258
161,0.12232004696753992,0.04312408908277567
162,-0.06504406611125046,0.030688770705184235
163,-0.053748908471298505,0.030632876114809738
164,-0.03325384634945443,0.017792319546961435
165,0.18180836586013482,0.14982974712850172
166,0.31796618615027794,0.012544966254039254
167,-0.18978065693958662,0.07442412406608394
168,-0.04925749508049659,0.08169365966455497
169,0.232449619446707,0.03734369453635461
170,-0.10993741412463899,-0.180655442223098
171,0.19236344075185266,0.08555908906653426
172,0.16283475558820787,0.05771111134668785
173,0.12576059083947283,-0.015005911421809797
174,0.15351749159443823,0.09445922962901536
175,0.012828579009028528,-0.07019435819263987
176,-0.13373981152761139,0.06755087161751203
177,0.268702179780837,0.04661852470627162
178,0.029100468741298274,0.07078206199902504
179,0.2548532539750912,0.03683457807282055
180,0.1758743749034946,0.08207656168873154
181,0.25312288277323863,0.030131419819149362
182,0.0042314198399376725,0.1150185620263661
183,0.14698925962228895,-0.17517134077427565
184,0.19222150486903658,-0.07071755480488476
185,0.12618118052195862,-0.017477366013719
186,0.24531345571436217,0.11814435758092749
187,0.003486735752394565,0.07963697992809504
188,-0.19022676950985334,0.029887892758376392
189,0.23924447647340077,0.07439767599677335
190,0.20742263487017004,0.06681028822303217
191,0.027700702205354855,-0.13034199451720505
192,0.15147706402949732,0.08154796121212925
193,0.05963922577031122,-0.00474963280083687
194,-0.15368604065241828,-0.025481825323266483
195,-0.07831014620683983,-0.031022057378271274
196,0.07730847586571923,0.020249303286522878
197,0.17076280605199873,0.09442935341121483
198,0.29972661979268705,0.032275765509764506
199,0.023386563635568257,0.01325318291841966
200,0.16940184807953845,0.01620897166804625
201,-0.0647855731041646,0.07102494774827003
202,0.27237526670222695,0.023580922049616176
203,-0.09450264493854041,0.02421238787307627
204,-0.11981903566292096,-0.15207285392447895
205,-0.04594237263097825,-0.0024093989031090945
206,-0.03522844235162939,0.09285247353081168
207,0.04535986298240256,0.02655745185548182
208,0.19101848105538904,0.02417779897701665
209,0.20196236976821438,0.03871876886676968
210,0.21389213899055134,0.07731325066539671
211,0.2687969201218674,0.027651102026527218
212,0.2819662333925261,-0.04979153816790778
213,0.25604295549140393,0.04176322043270296
214,0.2603489116499283,0.04754256496354421
215,0.21285845363524525,-0.0017903675256948652
216,0.14859442618512098,0.11764541126394817
217,0.1825851106403369,0.10990665656663083
218,-0.025882968565072134,0.12306829293693879
219,0.21744084746272385,0.1253161301390923
220,0.2437035529425245,-0.006454662482952902
221,-0.002546058612305083,0.060861028213534896
222,-0.1367956456260103,0.0884850390130148
223,0.2757336676189524,-0.004840954335494189
224,-0.018690086094343788,0.05457225261962232
225,-0.03681202648443535,0.10178600413036513
226,0.234578681296017,-0.017052712809539138
227,-0.17227754340059317,-0.06434541066130893
228,0.0811874977070841,-0.05510350413522284
229,0.27000068410001293,0.024197530272506828
230,-0.025822177902225657,0.186776923458133
231,0.09353032334036812,0.09923187201437927
232,0.19402156053572314,0.10199315501360225
233,-0.1597309340971671,0.004862979684305417
234,0.13748973165318143,-0.049797279172988894
235,0.16545385766784382,0.037943274928047485
236,0.11480700067690337,0.06613614972193686
237,-0.0269947493047657,-0.04882391139717439
238,0.02799545203511168,0.04618658273492524
239,0.2100164086821999,0.03583643263237582
240,-0.19071759221308315,-0.2784948071016844
241,0.2197338602939303,0.0759484834877376
242,0.059659644589513935,0.018200576229568662
243,0.030970798758215526,-0.03679425001165237
244,-0.1263459038010954,-0.2508940448593355
245,0.08826298234854286,0.07869596163862512
246,0.26204474549429424,-0.015546649310883556
247,-0.09180784111259427,-0.20977410802359747
248,0.15693868162787353,0.127069427076617
249,0.2760117836877968,0.07085271553970846
250,-0.12898456635293573,0.08496134638204306
251,-0.12827138391501988,0.11120090205270979
252,-0.25397935325584753,0.020547802103390835
253,0.05169144042480427,0.058632291934689336
254,0.2733909051240231,0.09037707967219627
255,0.02389626564806274,-0.1174903236418349
256,-0.15867662395061727,-0.028892228445411845
257,0.09827080287938415,-0.20140055795358902
258,0.0370551369007892,-0.21989314401687302
259,-0.028767254542896276,-0.1911256474839345
260,0.20813695784492164,0.09680305360771493
261,0.1509509930005154,0.10464963659938795
262,0.03033391644406042,-0.11211934995464856
263,0.3286608240076277,0.00309419762015483
264,-0.2634809998828614,0.0475095555867855
265,-0.1308561904503291,0.1296608457221051
266,0.026572454903075644,-0.028523879075701197
267,-0.16258489329628006,0.11643031069654788
268,-0.06519461235458945,0.008445299104811694
269,0.15562016793446057,0.014861371726561955
270,0.16692630164835,0.034015605376615875
271,0.15368720350186904,0.07096139415637358
272,-0.035689448369184945,-0.1323152620228422
273,0.15894160781188918,0.07255006342411759
274,0.26051525512381646,0.08597220439141559
275,0.19311221125394615,-0.062402681143232136
276,-0.054798932950725986,-0.08955347912888052
277,0.03468030917346861,0.11120474698604134
278,-0.0511297856533911,-0.06049233377615892
279,0.07194869028714367,-0.05192244517099322
280,0.19985430692293452,0.09833490998787278
281,-0.015411637290824794,-0.029145021495659274
282,0.24612259238804282,0.09178163250820977
283,-0.02439999421823502,-0.03190724055537373
284,0.1903015733233486,0.036666552107027885
285,-0.1093746990037243,0.03190546471324997
286,0.1554496386039145,-0.06188958337546943
287,-0.0470336895977307,0.08190842749563286
288,0.31088499586612744,0.06907143782122753
289,-0.1064583209523735,-0.1888992625869179
290,0.2964718488217756,0.01568407441131176
291,-0.07300511678381848,0.07310409862640287
292,0.17499178334855361,0.16209307808754866
293,0.17032585919780519,0.0066864080541346625
294,0.13754780171731584,0.045252833048504
295,0.10572674343026872,0.045551168094161876
296,0.06806468563794617,-0.19487703038076581
297,0.027924997767166875,0.07152889727690599
298,0.13903064775321236,0.0498729686767286
299,-0.06514736800498844,-0.10783157933371093
300,-0.15472259140927525,-0.26194275259724625
301,-0.04558619248763439,0.07391470095655861
302,0.2202939195176611,0.08374874268549873
303,0.02169785785594237,0.08820876840504045
304,0.22997361385832785,0.10466299704613993
305,-0.09778410024673789,0.06574978029183622
306,0.21919809189881387,0.11903330906231671
307,0.2284476690858649,0.03592005678574978
308,0.10011171388879357,0.03753802814569448
309,-0.08730624082456387,0.0033406893377836925
310,0.16358500911480653,0.08660298047381608
311,0.004663123937271069,0.05892468619384271
312,0.23847727091907672,0.1109095180249516
313,0.07118628283550892,-0.022978336376891936
314,0.2645319902050987,0.019667135678499464
315,-0.062031582823375404,0.06092637950967096
316,-0.0025814474076759687,-0.015215871207532136
317,-0.03568406801909426,-0.10554023425211824
318,0.2126615866412779,0.03299990142495789
319,-0.13245121940662247,-0.02837787833849448
320,0.12259258380915726,0.1036879992836966
321,0.188856608010821,0.08800437771420096
322,-0.11635338245072688,-0.018940803397897808
323,0.22900069239025472,0.021840214289625362
324,0.11724332902234992,0.11064002240853751
325,-0.05139884105377999,0.014836994882334848
326,0.14011080784073937,-0.2942409583909479
327,-0.02164195921580937,-0.04485723680027115
328,-0.17412284357446225,0.13110959245721687
329,0.03229032993098116,-0.1588894268815481
330,0.23899287523557353,0.02769618300182699
331,-0.003242150469797143,-0.053271467395746855
332,0.227664296305513,0.06853077721767827
333,-0.00522130598533121,-0.07902164138192108
334,-0.2788143134969092,0.1130921056475613
335,-0.010170039577357301,0.06594070723683676
336,0.026407688347438393,-0.09179408959866925
337,-0.11678340601479183,0.1275300094145038
338,0.0934791507833995,0.02262643013680749
339,-0.02246376698508442,0.06617510002568354
340,-0.013657625494710826,-0.05532870731794133
341,-0.10785764814538282,-0.19344178815371857
342,-0.09694332790684118,-0.18270668239490606
343,0.14523433170275957,0.07590095474410687
344,0.02700109882947538,0.04295040791574222
345,0.20931543956845047,0.062254084628567685
346,0.18914335281980232,0.07104034222488934
347,-0.19894359477278145,0.08071876921344485
348,0.15125984164226544,0.1464741331569174
349,-0.17496728147433946,-0.036516954115356215
350,-0.11811483802933868,0.16045636864284604
351,0.20639391410455257,0.03210129174536141
352,-0.05886242498622986,-0.1237698614119581
353,0.1533487335337141,0.09518486262766357
354,-0.08249283012658969,0.024613927840438032
355,0.01522903212312713,-0.10212757552935701
356,0.1978345601137089,-0.005578377290000567
357,0.25547442708560203,-0.04016095545210612
358,0.010876109051660933,-0.04483979621127424
359,0.15345470309577194,0.08643286815390491
360,-0.023783913588046327,-0.04428038997810782
361,-0.10913021811429935,0.11903645728085405
362,0.19319464072764347,0.01178736331153469
363,0.015728440167488106,-0.06796359115676757
364,0.12348346820988712,0.054869023022078856
365,-0.10199192049864073,0.09547193851978795
366,-0.07413319317088109,-0.17886873065314274
367,0.189073205173757,0.09833945370052685
368,-0.18254869908858892,0.08780023028586562
369,-0.14548730428203097,-0.06245359241670882
370,-0.0979838138375828,-0.04113916247845795
371,0.23216742093081635,-0.02452716120906114
372,0.004822289410630039,0.12292695232705689
373,-0.07162567755995855,0.0857091684379385
374,-0.06669870115201003,0.03406362996073144
375,0.04441877247419913,-0.024900637044443404
376,-0.14641284406629285,0.06138437229784515
377,-0.02535093944570946,-0.1600918476217616
378,0.18947555409248987,0.08866422209404111
379,0.10359831503627187,0.035193000726564325
380,0.2603701195762285,0.04902912827870229
381,0.2873916633786356,-0.0012116257492407337
382,0.20997160191329545,0.057278978132744844
383,0.17582648426151415,0.06568093625459383
384,0.21357338473056373,-0.03622803807539931
385,0.1970144316239716,0.08665892608675868
386,-0.12828815512657527,0.05758692081482354
387,0.20772728374073038,0.08907881937156824
388,0.04879397808964143,0.015851917076704188
389,0.1962155361600797,0.06456081380495722
390,0.17703877603159343,-0.006259748688052546
391,0.17516543585503885,0.13273391890193342
392,-0.21649643825408785,0.07794192337186563
393,-0.010720820337834041,0.07065179276172459
394,-0.0874561640652202,0.012849337905110936
395,0.011675568296222148,0.08150562808612896
396,-0.03266048238613352,-0.07780924083972443
397,-0.07855574586569837,-0.12508424189001094
398,-0.01118369378190372,-0.03998634270198975
399,-0.059107979883274465,-0.1247941771792556
400,-0.14848373922507835,-0.0010831680064884578
401,-0.07790721039890565,0.09424997056149031
402,-0.08021991187506018,0.10536891554201584
403,0.0020479684012931756,-0.1296299328630126
404,0.2341120000360322,0.05519897338236581
405,-0.09140349814774204,0.05080110611932854
406,-0.14114192370060352,0.043939552646790246
407,0.07000007467041815,-0.030514577477408655
408,0.22181942171221142,0.07576960611435436
409,-0.1460085241761652,-0.1401405578652836
410,-0.10837855190948302,0.12965700416835002
411,0.12060804488436483,0.048638312790102195
412,0.05951753501137144,0.007286712543483134
413,-0.0257955576111827,-0.11846993283457953
414,0.3265362193336487,0.06850318048231517
415,-0.15765777150070648,0.0773826342224626
416,0.08752661682434966,0.040284082850893764
417,0.18614634560252136,0.06867517732199124
418,0.022006487660573934,0.00371277332920841
419,0.02653508223947421,0.08267031890458826
420,0.25809261665707633,0.019974143620119435
421,0.022708657002880866,-0.027495336906923802
422,0.2000652552629391,0.10282675321264297
423,0.11043852746362762,0.03164501970129644
424,-0.1051756366768773,0.07820206330921342
425,-0.1490629380315698,-0.03367954867584345
426,-0.0820212233649486,-0.09879148776691699
427,-0.038054830073338965,0.009839657523470139
428,0.1348683158105539,0.106492275996814
429,-0.1988026682283426,-0.06702728283096837
430,0.056494238630471344,-0.018042131100548673
431,0.005393735562133762,-0.010754329738435356
432,0.20814476935288612,0.028701311296339876
433,-0.07054634130796798,0.07709859535567702
434,0.19359170423129496,0.01250884501426168
435,-0.07989484917645497,-0.13506105083079187
436,0.2911101757642286,0.03782603278308901
437,0.12177332925324186,0.106031325122724
438,0.25718760712639394,0.07022382563162005
439,-0.09677403359212487,-0.1998742991624518
440,0.17926841247241249,0.0809129360380466
441,-0.0330419068637584,0.1329954670870976
442,0.04183502851742303,-0.05908620207155135
443,-0.08865880834727492,-0.1314216474651313
444,-0.04817468321541806,-0.18630192507669815
445,-0.10807914833264258,0.07426124537253793
446,0.2665781227339819,-0.005760835189662426
447,0.2318723511527782,0.007589762472429918
448,0.22145129370884858,0.12335860611043378
449,-0.004260866527967642,0.021960679038037074
450,0.22952291982548909,0.06253515840478499
451,-0.1031782478935345,0.05628228919139227
452,0.24610322084044545,0.020309827665988506
453,-0.20277048305425383,-0.25130224465118356
454,-0.1451398593218843,0.060813095020202386
455,-0.036579253391584375,0.07701524903686911
456,-0.06211682946644613,0.10506721207090033
457,0.12599151025432476,0.024653151414739633
458,-0.10444513958568241,-0.17020749641661023
459,0.19944920908837618,-0.026729255633262252
460,0.2753401973901237,0.05887912126004749
461,0.07807144771175402,0.0822106517597408
462,0.050529748629582996,0.10435343823900542
463,-0.0909203777260857,0.09462944795972497
464,-0.03792030781457396,0.002590900982315045
465,-0.1174414791200985,0.052457116108956266
466,0.2057353094026446,-0.05049370969906358
467,-0.003094141890237372,-0.07553640186132872
468,0.18556784329435771,0.008236152652946948
469,-0.0068721326952171395,0.022663812601590363
470,0.2627234025692486,0.048366075945814505
471,0.19790958844212633,-0.016504022418298108
472,-0.08274790911750435,-0.15735971761924594
473,-0.08404587656187931,-0.11617733162368346
474,0.26263921248743155,0.013146841376561219
475,0.1983314324995556,0.04066752821055667
476,0.24837416271759014,0.013006329510090398
477,0.21837571851620563,0.06922422838184197
478,-0.11819044247315359,-0.05890147338224281
479,0.06854190775133816,0.041891428855629506
480,0.2664953102718177,0.06991861759125252
481,0.09877006969142901,0.08852187122903822
482,0.009745955322765707,0.1462997185028459
483,0.2755309865744702,0.05914348106555477
484,-0.181372171940147,-0.22433097072981695
485,0.15413306228804016,0.0402184634257476
486,-0.12973574303357105,-0.027336453753924028
487,0.19383923815355916,-0.039699829175607236
488,-0.22157683939724687,0.08665611473275289
489,0.2663479289334254,0.10525598279174254
490,0.1704383748948134,-0.2175674439222239
491,-0.05265604877230113,-0.1934528407563721
492,-0.050740588223119304,-0.17286540117094093
493,0.1970717302402556,0.03844029297453598
494,0.035994691465780576,-0.008978454907270082
495,-0.04666786099781853,-0.17063465279926318
496,0.03616368800135795,-0.021046363589943985
497,0.030852157654992204,0.11157927609905083
498,0.13791003068884117,0.06178898315166814
499,-0.09338326440843035,0.07588054288186359
500,0.12251178874686385,0.09842021395529872
501,0.025079006335106124,-0.10932843950952303
502,0.059121832971504265,-0.0961061257229631
503,-0.05044880397190189,0.08452558269432336
504,0.2651445887756933,0.01896686940271526
505,-0.01577290374413137,-0.17304096052371312
506,-0.024893146161373635,-0.035906292804959015
507,0.18083862053287442,0.08758441668659048
508,0.061788224424325904,-0.09051620534462912
509,0.28487880254508785,0.0460964986307581
510,0.19958005886153596,0.10073818441786524
511,0.2267547182986568,0.025614337233358576
512,-0.04685708720436632,-0.07054911452855955
513,0.2143939222299955,0.027390608214582817
514,0.2866854985190649,0.08023840729860268
515,0.23222531674463856,0.052391356458426255
516,0.1681899678627471,0.10925703601399125
517,-0.08775338029221146,0.070388034880501
518,-0.02131151929099665,0.10844597321818601
519,-0.09381818437586609,-0.17593297663025598
520,0.20777434082190546,0.09917397322622559
521,0.3046910977517361,0.052611252698038485
522,0.005597584849657712,-0.08446245163166242
523,-0.16489667918249512,0.07546635859309461
524,-0.18815364406423804,-0.08467881593215351
525,0.18817252398635184,-0.04406678574160584
526,-0.14299159793382749,0.034344925962607895
527,-0.051383819024796724,0.18110541908228248
528,0.01571810754495754,-0.011821559453064723
529,0.02826286747590578,-0.06866661359914247
530,0.12720390225052125,-0.24946451642649528
531,0.09543899769489793,0.023690943515103254
532,-0.06469430180851099,0.09093878230330184
533,0.13490708798329912,0.05937193663011559
534,0.22877594577285665,0.002156968470543174
535,-0.027629897217985984,0.023367589039324087
536,0.14576350253637568,-0.0010135046307588856
537,0.005949790603102992,0.003004074347009487
538,-0.14552231222484852,0.13813589420743902
539,-0.01791239060338197,-0.07020802394831088
540,-0.060026788377563145,-0.11455004784229125
541,0.14520204013077748,0.07141007374939855
542,0.15208658267430714,-0.0032571271060664636
543,-0.047181591828153284,0.14881772764675555
544,-0.10361031559407348,-0.023261838501500418
545,0.038769580900910615,-0.036809585786741046
546,0.019144335777775585,-0.10533824581458082
547,-0.09733304230984914,0.08647721744790962
548,-0.051107588458276884,-0.12776162241389183
549,0.04374760360245144,0.053944530506926665
550,-0.10779435409318253,0.13023316300237114
551,0.22358318783889594,0.0172235309931488
552,0.26346657991943867,-0.026254954390774143
553,-0.10625600930269839,-0.02745606255455346
554,0.12054123539115792,-0.14868559796177855
555,0.2592253939621905,0.08798355784182917
556,-0.19562330956432913,0.09436451815914441
557,0.0367929757752075,-0.015710067039773963
558,0.2726067389916981,0.05988519800020725
559,0.2970914320433843,0.06337431113379663
560,0.15319971659388307,-0.008711102248792273
561,-0.19145723832925388,0.03847374125459655
562,0.21396381856313362,0.1129723913244944
563,0.2564731179254402,0.05199839823792026
564,-0.062443406344758985,-0.02146501677353926
565,-0.031740002139550666,-0.046234107557692986
566,-0.010887082635306172,0.048164759219474114
567,-0.09774097324285261,0.11510669641126242
568,0.062095993091510114,-0.08046512598243453
569,-0.09590481050670718,-0.2545677416173011
570,0.18382875244189711,0.11212194304875507
571,0.10820039058422073,0.029305417615762122
572,0.02412229211689724,-0.03303138822561245
573,0.17998259160076147,0.10321357738146626
574,0.13298724507393359,-0.016907713225553532
575,0.03330783552510194,0.032897327981497505
576,0.07427820353721618,0.04379642424466702
577,0.18810545759460356,0.01074030882465319
578,0.10262445489256819,0.007579019948128607
579,0.19291184262841143,0.045114532957655065
580,0.0440161236401063,0.1599071738964361
581,0.24692727602488548,0.06662677725637958
582,0.17925413181015346,0.10120964342935203
583,0.301411880065021,0.04970225184189765
584,0.18176585886026608,-0.002421806712952206
585,-0.11029815162017977,0.013318556094714475
586,-0.17571718185709462,0.15512054133052558
587,0.1324420197180364,0.09099020193439436
588,0.030399347588492987,0.0462596898024215
589,0.12449478584654261,-0.2347073592105474
590,0.28409942948109823,0.1309596059171826
591,-0.07778248720742847,-0.11358201364759944
592,0.20843779869775514,0.012923732546309115
593,-0.056605824959988206,0.11467598676410741
594,-0.0426581379385537,-0.0689051900606406
595,0.21724146778028672,0.0817107958781365
596,0.26171173624998945,-0.009512250762063724
597,0.18310720806490743,0.11247104162031553
598,0.10468445991968364,0.04543511751341005
599,0.24687130942879523,0.04089280112875573
600,-0.21824327115336103,-0.0040914496664456405
601,0.2140304507579617,0.1295346787227425
602,0.13681240341920192,0.08881622166332405
603,-0.05963734711690438,0.09070791861486331
604,-0.038906934206087464,0.12818186433794407
605,0.18843291547191138,0.1390090403515076
606,-0.1638961463699515,0.04157324287920084
607,-0.02636881969798742,-0.08462246454589058
608,-0.013681519770307052,-0.08329310018934558
609,-0.12038305726308891,0.005324319345424418
610,0.28106085331140646,0.08517880584065057
